#sound,spell,class,extra
#lines marked for "dubious" should be discarded for systematic treatment of sounds
a2,a/,
a2,à/,
a2kɔ1ʁ,a/cco/rd,
a2ʃte1,a/cheté/,
a2ʃə0te1,a/che/té/,added,alternative
a2ʃte1,a/chete/r,
a2ʃə0te1,a/che/te/r,added,alternative
a2sje1,a/cie/r/,
a1kt,a/cte,dubious
a1ktə0,a/cte/,added,corrected
a1ʒ,â/ge,
ɛ2de1,ai/de/r,
e2de1,ai/de/r,
ɛ1l,ai/le,dubious
ɛ1lə0,ai/le/,added,corrected
ɛ2mɑ̃1,ai/ma/nt,
ɛ̃2si1,ain/si/,
ɛ1ʁ,ai/r,
ɛ1ʁ,ai/rs,added
a2ʒu2te1,a/jou/te/r,
a2li2mɑ̃2ta2sjɔ̃1,a/li/me/nta/tion/,
a2li2mɑ̃2ta2sjɔ̃1,a/li/me/nta/tion/s,added
a2le1,a/lle/r,
a2mi1,a/mi/,
a2mi1,a/mi/s,added
a2mu1ʁ,a/mou/r,
a2mu1ʁ,a/mou/rs,added
a2my2zmɑ̃1,a/mu/semen/t,
a2my2zmɑ̃1,a/mu/semen/ts,
a2ni2ma1l,a/ni/ma/l,dubious
a2ni2ma1lə0,a/ni/ma/l/,added,corrected
a2no1,a/nneau/,
a2no1,a/nneau/x,added
a2ne1,a/nnée/,quesitionalbe
a2ne1,a/nnée/s,added,questionable
a2pa2ʁɛ1tʁ,a/ppa/raî/tre,
a2pɛ1l,a/ppe/l,dubious
a2pɛ1lə0,a/ppe/l/,added,corrected
a2pɔ2ʁte1,a/ppo/rté/,
a2pɔ2ʁte1,a/ppo/rte/r,
a2pʁɑ̃1dʁ,a/ppren/dre,
a2pʁɛ1,a/prè/s,
a1ʁbʁ,a/rbre,
a1ʁbʁ,a/rbres,added
a2ʁʒɑ̃1,a/rgen/t,
a2ʁʒɑ̃1,a/rgen/ts,added
a2ʁjɛ1ʁ,a/rriè/re,
a2ʁi2ve1,a/rri/ve/r,
a1ʁ,a/rt,
a1ʁ,a/rts,added
a2sɑ̃2sœ1ʁ,a/scen/seu/r,
a2se1,a/sse/z,
a2si2mi2le1,a/ssi/mi/le/r,
a2to1m,a/to/me,dubious
a2to1mə0,a/to/me/,added,corrected
a2tɛ̃1dʁ,a/ttein/dre,
a2tɑ̃1dʁ,a/tten/dre,
o2dsy1,au/-dessu/s,dubious
o2də0sy1,au/-de/ssu/s,added,corrected
o2kœ̃1,au/cun/,
o2gmɑ̃2te1,au/gmen/te/r,
o2si1,au/ssi/,
o1tʁ,au/tre,
a2vɑ̃1,a/van/t,
a2vɛ1k,a/ve/c,dubious
a2vɛ1kə0,a/ve/c/,added,corrected
a2vi1,a/vi/s,
a2vwa1ʁ,a/voi/r,
bɛ2ɲa1d,bai/gna/de,dubious
bɛ2ɲa1də0,bai/gna/de/,added,corrected
ba1l,ba/lle,dubious
ba1lə0,ba/lle/,added,corrected
bɑ̃1d,ban/de,dubious
bɑ̃1də0,ban/de,added,corrected
bɑ̃1k,ban/que,dubious
bɑ̃1kə0,ban/que/,added,corrected
ba1ʁ,ba/r,
ba1ʁ,ba/rs,added
ba1,ba/s,
ba1z,ba/s,dubious
ba1zə0,ba/s/,added,corrected
ba1s,ba/s,dubious
ba1sə0,ba/s/,added,corrected
ba1z,ba/se,dubious
ba1zə0,ba/se/,added,corrected
ba2to1,ba/teau/,
ba2to1,ba/teau/x,added
ba2tɔ̃1,bâ/ton/,
ba2tɔ̃1,bâ/ton/s,added
ba1tʁ,ba/ttre,
bo2ku1,beau/cou/p,
bo2te1,beau/té/,
be2be1,bé/bé/,
bə0zwɛ̃1,be/soin/,
bə0zwɛ̃1,be/soin/s,added
bjɛ̃1,bien/,
bjɛ̃1to2,bien/tô/t,
blɑ̃1,blan/c,
blɑ̃1ʃ,blan/che,added
ble1,blé/,
blø1,bleu/,
blø1,bleu/s,added
blɔ1k,blo/c,dubious
blɔ1kə0,blo/c/,added,corrected
bwa1,boi/s,
bwa1sɔ̃2,boi/sson/,
bwa1sɔ̃2,boi/sson/s,added
bwa1t,boî/te,
bɔ̃1,bon/,
bɔ1ʁ,bo/rd,
bu1ʃ,bou/che,
bu2ti1k,bou/ti/que,dubious
bu2ti1kə0,bou/ti/que/,added,corrected
bʁɑ̃1ʃ,bran/che,
bʁa1,bra/s,
bʁɥi1,brui/t,questionable
bʁy2le1,brû/le/r,
bʁœ̃1,brun/,
by1ʁo2,bu/reau/,
ka1lm,ca/lme,dubious
ka1lmə0,ca/lme/,added,corrected
ka2mjɔ̃1,ca/mion/,
kɑ̃1,cam/p,
kɑ̃1,cam/ps,added
ka2na1ʁ,ca/na/rd,
ka2na1ʁ,ca/na/rds,added
ka2pa1bl,ca/pa/ble,dubious
ka2pa1blə0,ca/pa/ble/,added,corrected
ka2pa1bl,ca/pa/bles,dubious
ka2pa1blə0,ca/pa/ble/s,added,corrected
ka2pi2tɛ1n,ca/pi/tai/ne,dubious
ka2pi2tɛ1nə0,ca/pi/tai/ne/,added,corrected
ka2pi2ta1l,ca/pi/ta/l,dubious
ka2pi2ta1lə0,ca/pi/ta/l/,added,corrected
ka2pty1ʁ,ca/ptu/re,
ka2ʁa2ktɛ1ʁ,ca/ra/ctè/re,
ka2ʁa2ktɛ1ʁ,ca/ra/ctè/res,added
ka2ʁe1,ca/rré/,
ka1ʁt,ca/rte,
ka1,ca/s,
ka2se1,ca/ssé/,
sə0,ce/,
se2lɛ1bʁ,cé/lè/bre,
se2ly1l,ce/llu/le,dubious
se2ly1lə0,ce/llu/le/,added,corrected
sɑ̃1,cen/t,
sɑ̃1,cen/ts,added
sɑ̃1tʁ,cen/tre,
sɛ1ʁkl,ce/rcle,dubious
sɛ1ʁklə0,ce/rcle/,added,corrected
sɛ1ʁtɛ̃2,ce/rtain/,
sɛ1ʁtɛ̃2,ce/rtain/s,added
sɛ1,ce/s,
sø1,ceu/x,
ʃɛ1n,chaî/ne,dubious
ʃɛ1nə0,chaî/ne/,added,corrected
ʃɛ1z,chai/se,dubious
ʃɛ1zə0,chai/se/,added,corrected
ʃa2lœ1ʁ,cha/leu/r,
ʃɑ̃1bʁ,cham/bre,
ʃɑ̃1s,chan/ce,dubious
ʃɑ̃1sə0,chan/ce/,added,corrected
ʃɑ̃2ʒmɑ̃1,chan/gemen/t,
ʃɑ̃2ʒmɑ̃1,chan/gemen/ts,added
ʃɑ̃1sɔ̃2,chan/son/,
ʃɑ̃1sɔ̃2,chan/son/s,added
ʃɑ̃1te2,chan/te/r,
ʃa1po2,cha/peau/,
ʃa1po2,cha/peau/x,added
ʃa1k,cha/que,dubious
ʃa1kə0,cha/que/,added,corrected
ʃa1k,cha/ques,dubious
ʃa1kə0,cha/que/s,added,corrected
ʃa1ʁʒe2,cha/rge/r,
ʃa1s,cha/sse,dubious
ʃa1sə0,cha/sse/,added,corrected
ʃa1,cha/t,
ʃa1,cha/ts,added
tʃa1t,cha/t,
ʃo1,chau/d,
ʃo1,chau/ds,added
ʃo1də0,chau/de/,added
ʃo1də0,chau/de/s,added
ʃo2sy1ʁ,chau/ssu/re,
ʃo2sy1ʁ,chau/ssu/res,added
ʃo2vsu2ʁi1,chau/ve-sou/ri/s,dubious
ʃo2və0su2ʁi1,chau/ve/-sou/ri/s,added,corrected
ʃɛ1f,che/f,
ʃɛ1f,che/fs,added
ʃmɛ̃1,chemin/,dubious
ʃmɛ̃1,chemin/s,added,dubious
ʃə0mɛ̃1,che/min/,
ʃə0mɛ̃1,che/min/s,added
ʃɛ1ʁ,che/r,
ʃɛ1ʁ,che/rs,added
ʃva1l,cheva/l,dubious
ʃva1lə0,cheva/l/,added,dubious
ʃə0va1lə0,che/va/l/,added,corrected
ʃə0vø1,che/veu/x,added,corrected
ʃfø1,cheveu/x,dubious,
ʃə0fø1,che/veu/x,added,corrected
ʃjɛ̃1,chien/,
ʃjɛ̃1,chien/s,added
ʃi1fʁ,chi/ffre,
ʃwa2zi1ʁ,choi/si/r,
ʃo1z,cho/se,dubious
ʃo1zə0,cho/se/,added,corrected
sjɛ1l,cie/l,dubious
sjɛ1lə0,cie/l/,added,corrected
sɛ̃1k,cin/q,dubious
sɛ̃1kə0,cin/q/,added,corrected
klɛ1ʁ,clai/r,
kla1s,cla/sse,dubious
kla1sə0,cla/sse/,added,corrected
kle1,clé/,
kle1,clé/s,added
klɔ1ʃ,clo/che,
kœ1ʁ,cœu/r,
kœ1ʁ,cœu/rs,added
kɔ2fʁə0fɔ1ʁ,co/ffre/-fo/rt,
kwɛ̃1,coin/,
kwɛ̃1,coin/s,added
kɔ2lɛ1ʁ,co/lè/re,
kɔ2li1n,co/lli/ne,dubious
kɔ2li1nə0,co/lli/ne/,added,corrected
kɔ2lɔ2ni1,co/lo/nie/,
kɔ2lɔ1n,co/lo/nne,dubious
kɔ2lɔ1nə0,co/lo/nne/,added,corrected
kɔ1m,co/mme,dubious
kɔ1mə0,co/mme/,added,corrected
kɔ2mɑ̃2se1,co/mmen/ce/r,
kɔ2mɑ̃1,co/mmen/t,
kɔ2mɛ1ʁs,co/mme/rce,
kɔ2mœ̃1,co/mmun/,
kɔ̃2pa2ʁe1,com/pa/re/r,
kɔ̃2pe2tɑ̃1s,com/pé/ten/ce,
kɔ̃2plɛ1t,com/plè/te,dubious
kɔ̃2plɛ1tə0,com/plè/te/,added,corrected
kɔ̃2te1,com/pte/r,
kɔ̃2sɛ2psjɔ̃1,con/ce/ption/,
kɔ̃2sɛ2psjɔ̃1,con/ce/ption/s,added
kɔ̃2di2sjɔ̃1,con/di/tion/,
kɔ̃2di2sjɔ̃1,con/di/tion/s,added
kɔ̃2dɥi1ʁ,con/dui/re,questionable
kɔ̃2sɛ1j,con/se/il,dubious
kɔ̃2sɛ1jə0,con/se/il/,added,corrected
kɔ̃2sɛ2ʁve1,con/se/rvé/,
kɔ̃2sɔ1nə0,con/so/nne/,
kɔ̃2stʁɥi1ʁ,con/strui/re,questionable
kɔ̃2tni1ʁ,con/teni/r,
kɔ̃2tə0ni1ʁ,con/te/ni/r,added
kɔ̃2ti2nɑ̃1,con/ti/nen/t,
kɔ̃2ti2nɑ̃1,con/ti/nen/ts,added
kɔ̃2ti2nɥe1,con/ti/nue/r,
kɔ̃1tʁ,con/tre,
kɔ̃2tʁo1l,con/trô/le,dubious
kɔ̃2tʁo1lə0,con/trô/le/,added,corrected
kɔ2pi1,co/pie/,
kɔ2ki1j,co/qui/lle,dubious
kɔ2ki1jə0,co/qui/lle/,added,corrected
kɔ1ʁd,co/rde,
kɔ1ʁ,co/rps,
kɔ2ʁɛ1kt,co/rre/ct,
kɔ2sty1m,co/stu/me,dubious
kɔ2sty1mə0,co/stu/me/,added,corrected
ko1t,cô/te,dubious
ko1tə0,cô/te/,added,corrected
ko1tə0,cô/te/s,added,corrected
ko2te1,cô/té/,
kɔ2tɔ̃1,co/ton/,
kɔ2tɔ̃1,co/ton/s,added
ku1,cou/,
ku2lœ1ʁ,cou/leu/r,
ku1,cou/p,
ku1,cou/ps,added
ku1p,cou/pe,dubious
ku1pə0,cou/pe/,added,corrected
ku1ʁ,cou/r,
ku1ʁ,cou/rs,added
ku2ʁɑ̃1,cou/ran/t,
ku2ʁi1ʁ,cou/ri/r,
ku1ʁ,cou/rs,
ku1ʁs,cou/rse,dubious
ku1ʁsə0,cou/rse/,added,corrected
ku1ʁ,cou/rt,
ku1ʁ,cou/rts,added
ku1,coû/t,
ku2vɛ1ʁkl,cou/ve/rcle,dubious
ku2vɛ1ʁklə0,cou/ve/rcle/,added,corrected
kʁe2e1,cré/e/r,
kʁi1,cri/,
kʁwa1ʁ,croi/re,
kʁwa1tʁ,croî/tre,
kɥi2zi1nje2,cui/si/nie/r,
da1m,da/me,dubious
da1mmə0,da/me/,added,corrected
dɑ̃2ʒe1,dan/ge/r,
dɑ̃1,dan/s,
dɑ̃1s,dan/se,dubious
dɑ̃1sə0,dan/se/,added,corrected
də0,de/,
de2bi1,dé/bi/t,
de2by1,dé/bu/t,
de2sɛ1,dé/cè/s,
de2si2de1,dé/ci/de/r,
de2si2ma1l,dé/ci/ma/l,dubious
de2si2ma2lə0,dé/ci/ma/l/,added,corrected
de2kʁi1ʁ,dé/cri/re,
də0gʁe1,de/gré/,
də0ɔ1ʁ,de/ho/rs,
de2me2na2ʒmɑ̃1,dé/mé/na/gemen/t,
de2me2na2ʒmɑ̃1,dé/mé/na/gemen/ts,added
dɑ̃1,den/ts,
de2pɑ̃1dʁ,dé/pen/dre,
də0pɥi1,de/pui/s,
dɛ2ʁnje1,de/rnie/r,
dɛ2ʁjɛ1ʁ,de/rriè/re,
de2zɛ1ʁ,dé/se/rt,
de2tɛ2ʁmi1ne,dé/te/rmi/ne/r,
dø2,deu/x,
dø2zjɛ1m,deu/xiè/me,dubious
dø2zjɛ1mə0,deu/xiè/me/,added,corrected
de2vlɔ2pe1,dé/velo/ppe/r,
də0vi2ne1,de/vi/ne/r,
də0vʁɛ1,de/vrai/t,
di2ksjɔ2nɛ1ʁ,di/ctio/nnai/re,
di2fe2ʁe1,di/ffé/re/r,
di2fi2si1l,di/ffi/ci/le,
di2fi2ky2lte1,di/ffi/cu/lté/,
di1ʁ,di/re,
di2ʁɛ1kt,di/re/ct,
di2sku1ʁ,di/scou/rs,
di2sky2te1,di/scu/te/r,
di2spa2ʁy1,di/spa/ru/,
di2spa2ʁy1,di/spa/ru/e,added,questionable
di1,di/t,
di2vi2zjɔ̃1,di/vi/sion/,
di2vi2zjɔ̃1,di/vi/sion/s,added
di1s,di/x,
di1z,di/x,
di1,di/x,
dwa1,doi/gt,
dwa1,doi/t,
dɔ2la1ʁ,do/lla/r,
dɔ2mɛ1n,do/mai/ne,dubious
dɔ2mɛ1nə0,do/mai/ne/,added,corrected
dɔ2ne1,do/nné/,
dɔ2ne1,do/nne/r,
dɔ̃1,don/t,
du1bl,dou/ble,dubious
du1blə0,dou/ble/,added,corrected
du1,dou/x,
dʁwa1,droi/t,
dy1ʁ,du/r,
dy1ʁ,du/rs,added
o1,eau/,
e2ʃɛ1l,é/che/lle,dubious
e2ʃɛ1lə0,é/che/lle/,added,corrected
e2kla1,é/cla/t,
e2kɔ1l,é/co/le,
e2ku2te1,é/cou/te/r,
e2kʁi1ʁ,é/cri/re,
e2kʁi1,é/cri/t,
e2fɛ1,e/ffe/t,
e2ga1l,é/ga/l,dubious
e2ga1lə0,é/ga/l/,added,corrected
e2lɛ2ktʁi1k,é/le/ctri/que,dubious
e2lɛ2ktʁi1kə0,é/le/ctri/que/,added,corrected
e2le2mɑ̃1,é/lé/men/t,
ɛ1l,e/lle,dubious
ɛ1lə0,e/lle/,added,corrected
ɑ̃2plwa1,em/ploi/,
ɑ̃2kɔ1ʁ,en/co/re,
e2nɛ2ʁʒi1,é/ne/rgie/,
ɑ̃1fɑ̃2,en/fan/t,
ɑ̃1fɑ̃2,en/fan/ts,
ɛ2nmi1,e/nnemi/,dubious
ɛ2nə0mi1,e/nne/mi/,added,corrected
e2nɔ1ʁm,é/no/rme,dubious,corrected
e2nɔ1ʁmə0,é/no/rme/,added,corrected
ɑ̃2ʁə0ʒi2stʁe1,en/re/gi/stre/r,
ɑ̃2sɛ2ɲe1,en/sei/gne/r,
ɑ̃2sɑ̃1bl,en/sem/ble,dubious
ɑ̃2sɑ̃1blə0,en/sem/ble/,added,corrected
ɑ̃2tɑ̃1dʁ,en/ten/dre,
ɑ̃2tɑ̃2dy1,en/ten/du/,
ɑ̃2tʁɛ2nmɑ̃1,en/traî/nemen/t,dubious
ɑ̃2tʁɛ2nə0mɑ̃1,en/traî/ne/men/t,added,corrected
ɑ̃1tʁ,en/tre,
ɑ̃2tʁə0pʁi1z,en/tre/pri/se,dubious
ɑ̃2tʁə0pʁi1zə0,en/tre/pri/se/,added,corrected
ɑ̃2tʁe1,en/tre/r,
ɑ̃2vi2za2ʒe1,en/vi/sa/ge/r,
ɑ̃2vwa2je1,en/voy/e/r,problematic
e1pɛ2,é/pai/s,
e2po1l,é/pau/le,dubious
e2po1lə0,é/pau/le/,added,corrected
e2ple1,é/pele/r,
e2ki1p,é/qui/pe,dubious
e2ki1pə0,é/qui/pe/,added,corrected
ɛ2skla1v,e/scla/ve,
ɛ2sp1as,e/spa/ce,dubious
ɛ2spa1sə0,e/spa/ce/,added,corrected
ɛ2spwa1ʁ,e/spoi/r,
ɛ2spʁi1,e/spri/t,
e2se2je1,e/ssay/e/r,
ɛ1st,e/st,
ɛ2,e/st,
e1,e/t,
e2ta1ʒ,é/ta/ge,
e1tɛ2,é/taie/nt,
e1tɛ2,é/tai/t,
e2ta1p,é/ta/pe,dubious
e2ta1pə0,é/ta/pe/,added,corrected
e2ta1,é/ta/t,
e1te2,é/té/,
e2twa1l,é/toi/le,dubious
e2twa1lə0,é/toi/le/,added,corrected
e2tʁɑ̃1ʒ,é/tran/ge,
ɛ1tʁ,ê/tre,
e2ty1d,é/tu/de,dubious
e2ty1də0,é/tu/de/,dubious
e2ty2djɑ̃1,é/tu/dian/t,
e2ty2djɑ̃1,é/tu/dian/ts,added
e2ty2djɑ̃1tə0,é/tu/dian/te/,added
e2ty2djɑ̃1tə0,é/tu/dian/te/s,added
y1,eu/,
e2vɛ2nmɑ̃1,é/vé/nemen/t,dubious
e2vɛ2nə0mɑ̃1,é/vé/ne/men/t,added,corrected
ɛ2gza1kt,e/xa/ct,dubious
ɛ2gza1ktə0,e/xa/ct/,added,corrected
ɛ2ksi2te1,e/xci/te/r,
ɛ2gzɑ̃1pl,e/xem/ple,dubious
ɛ2gzɑ̃1plə0,e/xem/ple/,added,corrected
ɛ2gzɛ2ʁsi1s,e/xe/rci/ce,dubious
ɛ2gzɛ2ʁsi1sə0,e/xe/rci/ce/,added,corrected
ɛ2gzi2ʒe1,e/xi/ge/r,
ɛ2kspe2dje1,e/xpé/dié/,
ɛ2kspe2ʁjɑ̃1s,e/xpé/rien/ce,dubious
ɛ2kspe2ʁjɑ̃1sə0,e/xpé/rien/ce/,added,corrected
fa2bʁi2ke1,fa/bri/qué/,
fa1s,fa/ce,dubious,
fa1sə0,fa/ce/,added,corrected
fa2si2li2te1,fa/ci/li/té/,
fa2si2li2te1,fa/ci/li/té/s,
fɛ1bl,fai/ble,dubious
fɛ1blə0,fai/ble/,added,corrected
fɛ1ʁ,fai/re,
fɛ1,fai/t,
fa2mi1j,fa/mi/lle,dubious
fa2mi1jə0,fa/mi/lle/,added,corrected
fa2vɔ2ʁi1ze1,fa/vo/ri/se/r,
fa1m,fe/mme,dubious
fa1mmə0,fe/mme/,added,corrected
fa1m,fe/mmes,dubious
fa1mmə0,fe/mme/s,added,corrected
fnɛ1tʁ,fenê/tre,
fə0nɛ1tʁ,fe/nê/tre,altenative
fɛ1ʁ,fe/r,
fɛ1ʁm,fe/rme,dubious
fɛ1ʁmə0,fe/rme/,added,corrected
fø1,feu/,
fœ1j,feu/ille,dubious
fœ1jə0,feu/ille/,added,corrected
fø1tʁ,feu/tre,
fi1g,fi/gue,dubious
fi1gə0,fi/gue/,added,correcte
fi2gy1ʁ,fi/gu/re,
fi2gy1ʁ,fi/gu/res,added
fi1l,fi/l,
fi1j,fi/lle,dubious
fi1jə0,fi/lle/,added,corrected
fi1s,fi/ls,
fɛ̃1,fin/,
fi2na1l,fi/na/le,dubious
fi2na1lə0,fi/na/le/,added,corrected
fi2ni2sjɔ̃1,fi/ni/tion/,
fi2ni2sjɔ̃1,fi/ni/tion/s,added
flœ1ʁ,fleu/r,
flœ1ʁ,fleu/rs,added
fɔ̃2ksjɔ2ne1,fon/ctio/nne/r,
fɔ1ʁs,fo/rce,dubious
fɔ1ʁsə0,fo/rce/,added,corrected
fɔ2ʁɛ1,fo/rê/t,
fɔ1ʁm,fo/rme,dubious
fɔ1ʁmə0,fo/rme/,added,corrected
fɔ1ʁ,fo/rt,
fu1l,fou/le,dubious
fu1lə0,fou/le/,added,corrected
fu2ʁni1ʁ,fou/rni/r,
fʁa2ksjɔ̃1,fra/ction/,
fʁa2ksjɔ̃1,fra/ction/s,added
fʁa2kty1ʁ,fra/ctu/re,
fʁa2kty1ʁ,fra/ctu/res,added
fʁɛ1,frai/s,
fʁa2pe1,fra/ppe/r,
fʁɛ1ʁ,frè/re,
fʁɛ1ʁ,frè/res,added
fʁwa1,froi/d,
fʁwa1d,froi/de,added,dubious
fʁwa1də0,froi/de,added,
fʁɥi1,frui/t,questionable
ga2ɲe1,ga/gne/r,
ga1m,ga/mme,dubious
ga1mmə0,ga/mme/,added,corrected
ga2ʁsɔ̃1,ga/rçon/,
ga2ʁsɔ̃1,ga/rçon/s,added
ga2ʁde1,ga/rde/r,
go1ʃ,gau/che,
ga1z,ga/z,dubious
ga1zə0,ga/z/,added,corrected
ʒe2ne2ʁa1l,gé/né/ra/l,dubious
ʒe2ne2ʁa1lə0,gé/né/ra/l/,added,corrected
ʒɑ̃1ʁ,gen/re,
gla1s,gla/ce,dubious
gla1sə0,gla/ce/,added,corrected
gli2smɑ̃1,gli/ssemen/t,dubious
gli2sə0mɑ̃1,gli/sse/men/t,added,corrected
gu2vɛ2ʁne1,gou/ve/rne/r,
gʁɛ1s,grai/sse,dubious
gʁɛ1sə0,grai/sse/,added,corrected
gʁɑ̃1,gran/d,
gʁɑ̃1,gran/ds,added
gʁɑ̃1də0,gran/de/,added
gʁɑ̃1də0,gran/de/s,added
gʁɑ̃2djo1z,gran/dio/se,dubious
gʁɑ̃2djo1zə0,gran/dio/se/,added,corrected
gʁa2fi1k,gra/phi/que,dubious
gʁa2fi1kə0,gra/phi/que/,added,corrected
gʁa2tɥi1,gra/tui/t,questionable
gʁi1,gri/s,
gʁu1p,grou/pe,dubious
gʁu1pə0,grou/pe/,added,corrected
gɛ1ʁ,gue/rre,
gi2de1,gui/de/r,
a2bi2tɥɛ1l,ha/bi/tue/l,dubious,questionable
a2bi2tɥɛ1lə0,ha/bi/tue/l/,added,corrected,questionable
a2bi2tɥɛ1lə0,ha/bi/tue/lle/,added,corrected,questionable
a2bi2tɥɛ1lə0,ha/bi/tue/lle/s,added,corrected,questionable
o1,hau/t,
o1tə0,hau/te/,added
ɛ1ʁb,he/rbe,dubious
ɛ1ʁbə0,he/rbe/,added,corrected
œ1ʁ,heu/re,
œ1ʁ,heu/res,added
œ2ʁø1,heu/reu/x,
œ2ʁø1zə0,heu/reu/se/,added
i2stwa1ʁ,hi/stoi/re,
i2stwa1ʁ,hi/stoi/res,added
i2vɛ1ʁ,hi/ve/r,
i2vɛ1ʁ,hi/ve/rs,added
ɔ1m,ho/mme,dubious
ɔ1mmə0,ho/mme/,added,corrected
ɔ1m,ho/mmes,dubious
ɔ1mmə0,ho/mme/s,added,corrected
ɔ2ʁlɔ1ʒ,ho/rlo/ge,dubious
ɔ2ʁlɔ1ʒ,ho/rlo/ges,added
ɔ2ʁlɔ1ʒə0,ho/rlo/ge/,added,corrected
ɔ2ʁlɔ1ʒə0,ho/rlo/ge/s,added
ɥi1l,hui/le,dubious,questionable
ɥi1lə0,hui/le/,added,corrected,questionable
ɥi1t,hui/t,questionable
ɥi1,hui/t,questionable
y2mɛ̃1,hu/main/,
i2si1,i/ci/,
i2de1,i/dé/e,questionalbe
i1l,i/l,dubious
i1lə0,i/l/,added,corrected
i1l,î/le,dubious
i1lə0,î/le/,added,corrected
i1l,i/ls,dubious
i1lə0,i/l/s,added,corrected
i2ma1ʒ,i/ma/ge,
i2ma2ʒi2ne1,i/ma/gi/ne/r,
ɛ̃2pʁe2sjɔ̃1,im/pre/ssion/,
ɛ̃2pʁe2sjɔ̃1,im/pre/ssion/s,added
ɛ̃2kly1ʁ,in/clu/re,
ɛ̃2di2ke1,in/di/que/r,
ɛ̃2dy2stʁi1,in/du/strie/,questionable
ɛ̃2dy2stʁi1,in/du/stri/e,alternative,questionable
ɛ̃2sɛ1kt,in/se/cte,dubious
ɛ̃2sɛ1ktə0,in/se/cte/,added,corrected
ɛ̃2stɑ̃1,in/stan/t,
ɛ̃2stʁy2mɑ̃1,in/stru/men/t,
ɛ̃2stʁy2mɑ̃1,in/stru/men/ts,added
ɛ̃2te2ʁɛ1,in/té/rê/t,
ɛ̃2te2ʁɛ1,in/té/rê/ts,added
ɛ̃2te2ʁɔ2ʒe1,in/te/rro/ge/r,
ɛ̃2vɑ̃2te1,in/ven/te/r,
ʒa2mɛ1,ja/mai/s,
ʒɑ̃1b,jam/be,dubious
ʒɑ̃1bə0,jam/be/,added,corrected
ʒa2ʁdɛ̃1,ja/rdin/,
ʒa2ʁdɛ̃1,ja/rdin/s,added
ʒo1n,jau/ne,dubious
ʒo1nə0,jau/ne/,added,corrected
ʒə0,je/,
ʒə0te1,je/te/r,
ʒø1,jeu/,
ʒœ1n,jeu/ne,dubious
ʒœ1nə0,jeu/ne/,added,corrected
ʒwa1,joie/,questionable
ʒwa1,joi/e,alternative,questionable
ʒwɛ̃1dʁ,join/dre,
ʒwe1,joue/r,
ʒu1ʁ,jou/r,
ʒy1st,ju/ste,dubious
ʒy1stə0,ju/ste/,dubious
la1,la/,
la1,là/,
la1k,la/c,dubious
la1kə0,la/c/,added,corrected
lɛ2se1,lai/sse/r,
lɛ1,lai/t,
lɑ̃1g,lan/gue,dubious
lɑ̃1gə0,lan/gue/,added,corrected
la1ʁʒ,la/rge,
la2va1ʒ,la/va/ge,
lɑ̃1,len/t,
le1,le/s,
lɛ1tʁ,le/ttre,
lœ1ʁ,leu/r,
ljɛ̃1,lien/,
ljø1,lieu/,
li1ɲ,li/gne,dubious
li1ɲə0,li/gne/,added,corrected
li2ki1d,li/qui/de,dubious
li2ki1də0,li/qui/de/,added,corrected
li1ʁ,li/re,
li1st,li/ste,dubious
li1stə0,li/ste/,added,corrected
li1,li/t,
li1tʁ,li/tre,
li1tʁ,li/tres,added
li1vʁ,li/vre,
li1vʁ,li/vres,added
lɔ2ka2li2ze1,lo/ca/li/se/r,
lwɛ̃1,loin/,
lwɛ̃1,loin/s,added
lwɛ̃2tɛ̃1,loin/tain/,
lɔ̃1,lon/g,questionable
lɔ̃1,long/,alternative,questionable
lɔ̃2gœ1ʁ,lon/gueu/r,
lo1,lo/t,
lu1ʁ,lou/rd,
lɥi1,lui/,
ly2mjɛ1ʁ,lu/miè/re,
ly2mjɛ1ʁ,lu/miè/res,added
ly1n,lu/ne,dubious
ly1nə0,lu/ne/,added
ly1t,lu/tte,dubious
ly1tə0,lu/tte/,added
ma2,ma/,
ma2ʃi1n,ma/chi/ne,dubious
ma2ʃi1n,ma/chi/nes,added
ma2ʃi1nə0,ma/chi/ne/,added
ma2ʃi1nə0,ma/chi/ne/s,added
ma2ga2zɛ̃1,ma/ga/sin/,
ma2ga2zɛ̃1,ma/ga/sin/s,added
mɛ̃1,main/,
mɛ̃2tnɑ̃1,main/tenan/t,
mɛ1,mai/s,
mɛ2zɔ̃1,mai/son/,
mɛ2zɔ̃1,mai/son/s,added
mɛ1tʁ,maî/tre,
mɛ1tʁ,maî/tres,added
ma2ʒœ1ʁ,ma/jeu/r,
ma1l,ma/l,
mɑ̃2ʒe1,man/ge/r,
ma2njɛ1ʁ,ma/niè/re,
ma2njɛ1ʁ,ma/niè/res,added
mɑ̃2ke1,man/que/r,
mɑ̃2to1,man/teau/,
mɑ̃2to1,man/teau/x,added
ma2ʁʃe1,ma/rché/,
ma2ʁʃe1,ma/rché/s,added
ma2ʁʃe1,ma/rche/r,
ma1ʁk,ma/rque,dubious
ma1ʁk,ma/rques,dubious,added
ma1ʁkə0,ma/rque/,added
ma1ʁkə0,ma/rque/s,added
ma1s,ma/sse,dubious
ma1sə0,ma/sse/,added
ma2te2ʁjɛ1l,ma/té/rie/l,
ma2tɛ̃1,ma/tin/,
mo2vɛ1,mau/vai/s,
me2dsɛ̃1,mé/decin/,
mɛ2jœ1ʁ,me/illeu/r,problematic
me2lɑ̃2ʒe1,mé/lan/ge/r,
me2lɔ2di1,mé/lo/di/e,questionable
mɛ1m,mê/me,dubious
mɛ1mmə0,mê/me/,added
mɑ̃2sɔ̃1ʒ,men/son/ge,
mɛ1ʁ,me/r,
mɛ1ʁ,me/rs,added
mɛ2ʁsi1,me/rci/,
mɛ2ʁsi1,me/rci/s,added
mɛ2ʁ,mè/re,
mɛ2ʁ,mè/res,added
mə0z2yʁe1,me/su/re/r,
me2ta1l,mé/ta/l,
me2ta1l,mé/ta/ls,added
me2tɔ1d,mé/tho/de,dubious
me2tɔ1d,mé/tho/des,dubious,aded
me2tɔ1də0,mé/tho/de/,aded
me2tɔ1də0,mé/tho/de/s,aded
mɛ1tʁ,me/ttre,
mi1di2,mi/di/,
mi1di2,mi/di/s,added
mjø1,mieu/x,
maj1l,mi/le,exceptional
mi1ljø2,mi/lieu/,
mi1l,mi/lle,dubious
mi1l,mi/lles,dubious,added
mi1lə0,mi/lle/,added,corrected
mi1lə0,mi/lle/s,added,corrected
mi2ljɔ̃1,mi/llion/,
mi2ljɔ̃1,mi/llion/s,added
mɛ̃1s,min/ce,dubious
mɛ̃1sə0,min/ce/,added
mi1n,mi/ne,dubious
mi1nə0,mi/ne/,added
mi2ny2sky1l,mi/nu/scu/le,dubious
mi2ny2sky1lə0,mi/nu/scu/le/,added
mi2ny1t,mi/nu/te,dubious
mi2ny1t,mi/nu/tes,dubious,added
mi2ny1tə0,mi/nu/te/,added
mi2ny1tə0,mi/nu/te/s,added
mɔ2dɛ1l,mo/dè/le,dubious
mɔ2dɛ1lə0,mo/dè/le/,added
mɔ2dɛ1ʁn,mo/de/rne,dubious
mɔ2dɛ1ʁnə0,mo/de/rne/,added
mwa1,moi/,
mwa1,moi/s,
mwɛ̃1,moin/s,
mwa2tje1,moi/tié/,
mɔ2le2ky1l,mo/lé/cu/le,dubious
mɔ2le2ky1l,mo/lé/cu/les,dubious,added
mɔ2le2ky1lə0,mo/lé/cu/le/,added
mɔ2le2ky1lə0,mo/lé/cu/le/s,added
mɔ2mɑ̃1,mo/men/t,
mɔ2mɑ̃1,mo/men/ts,added
mɔ̃1d,mon/de,dubious
mɔ̃1də0,mon/de/,added
mɔ̃1də0,mon/de/s,added
mɔ̃2ta1ɲ,mon/ta/gne,dubious
mɔ̃2ta1ɲə0,mon/ta/gne/,added,corrected
mɔ̃2ta1ɲ,mon/ta/gnes,dubious
mɔ̃2ta1ɲə0,mon/ta/gne/s,added,corrected
mɔ̃2te1,mon/té/e,questionable
mɔ̃2tʁe1,mon/tre/r,
mɔ̃2ty1ʁ,mon/tu/re,
mɔ̃2ty1ʁ,mon/tu/res,added
mɔ1ʁ,mo/rt,
mɔ1ʁ,mo/rts,added
mo1,mo/t,
mo1,mo/ts,added
mɔ2tœ1ʁ,mo/teu/r,
mɔ2tœ1ʁ,mo/teu/rs,
mu2ʁi1ʁ,mou/ri/r,
mu2vmɑ̃1,mou/vemen/t,dubious
mu2vmɑ̃1,mou/vemen/ts,added
mu2və0mɑ̃1,mou/ve/men/t,added
mu2və0mɑ̃1,mou/ve/men/ts,added
my2lti2plije1,mu/lti/plie/r,
my1ʁ,mu/r,
my2zi1k,mu/si/que,dubious
my2zi1kə0,mu/si/que/,added
na2sjɔ̃1,na/tion/,
na2sjɔ̃1,na/tion/s,added
na2ty1ʁ,na/tu/re,
na2ty2ʁɛ1l,na/tu/re/l,
na2ty2ʁɛ1l,na/tu/re/ls,added
na2ty2ʁɛ1lə0,na/tu/re/lle/,added
na2ty2ʁɛ1lə0,na/tu/re/lle/s,added
na2vi1ʁ,na/vi/re,
ne1,né/,
ne1,né/s,added
nə0,ne/,
ne2se2sɛ1ʁ,né/ce/ssai/re,
ne2se2sɛ1ʁ,né/ce/ssai/res,added
nɛ1ʒ,nei/ge,
nɛ1ʒ,nei/ges,added
nɛ1t,ne/t,
nɛ1t,ne/ts,added
nœ1f,neu/f,
nœ1v,neu/f,
ne1,ne/z,
ni1,ni/,
ni1vo2,ni/veau/,
ni1vo2,ni/veau/x,added
nwa1ʁ,noi/r,
nɔ̃1,nom/,
nɔ̃1,nom/s,added
nɔ̃1bʁ,nom/bre,
nɔ̃1bʁ,nom/bres,added
nɔ1ʁ,no/rd,
nɔ1ʁ,no/rds,added
nɔ1tʁ,no/tre,
nɔ1tʁ,no/tres,added
nu2ʁi2ty1ʁ,nou/rri/tu/re,
nu2ʁi2ty1ʁ,nou/rri/tu/res,added
nu1,nou/s,
nu1vo2,nou/veau/,
nu1vo2,nou/veau/x,added
nɥa1ʒ,nua/ge,
nɥa1ʒ,nua/ges,added
nɥi1,nui/t,
nɥi1,nui/ts,added
ɔ2bʒɛ1,o/bje/t,
ɔ2bʒɛ1,o/bje/ts,added
ɔ2psɛ2ʁve1,o/bse/rve/r,
ɔ2ptə0ni1ʁ,o/bte/ni/r,
ɔ2ky2pe1,o/ccu/pé/,
ɔ2ky2pe1,o/ccu/pé/s,added
ɔ2se2ɑ̃1,o/cé/an/,
ɔ2se2ɑ̃1,o/cé/an/s,added
ɔ2dœ1ʁ,o/deu/r,
œ1j,œ/il,dubious
œ1jə0,œ/il/,added,corrected
œ1f,œu/f,
œ1f,œu/fs,added
o1,o/h,
wa2zo1,oi/seau/,
wa2zo1,oi/seau/x,added
ɔ2po2ze1,o/ppo/sé/,
ɔ2po2ze1,o/ppo/sé/s,
ɔ1ʁ,o/r,
ɔ1ʁdʁ,o/rdre,dubious
ɔ1ʁdʁ,o/rdres,dubious
ɔ1ʁdə0ʁ,o/rd/re,added
ɔ1ʁdə0ʁ,o/rd/res,added
ɔ2ʁɛ1j,o/re/ille,dubious
ɔ2ʁɛ1jə0,o/re/ille/,added,corrected
ɔ2ʁga1n,o/rga/ne,dubious
ɔ2ʁga1nə0,o/rga/ne/,added
ɔ2ʁga2ni2ze1,o/rga/ni/se/r,
ɔ2ʁi2ʒi2na1l,o/ri/gi/na/l,
ɔ2ʁi2ʒi2na1l,o/ri/gi/na/ls,added
ɔ1s,o/s,dubious
ɔ1sə0,o/s/,added
o1,o/s,
u1,ou/,
u1,où/,
wɛ1st,oue/st,
wi1,oui/,
u2ti1,ou/ti/l,
u2ti1,ou/ti/ls,added
u2vɛ1ʁ,ou/ve/rt,
u2vɛ1ʁ,ou/ve/rts,added
ɔ2ksi2ʒɛ1n,o/xy/gè/ne,dubious
ɔ2ksi2ʒɛ1nə0,o/xy/gè/ne/,added
pa1ʒ,pa/ge,
pa1ʒ,pa/ges,added
pɛ̃1,pain/,
pɛ̃1,pain/s,added
pɛ1ʁ,pai/re,
pɛ1ʁ,pai/res,added
pa1pa2,pa/pa/,
pa1pa2,pa/pa/s,added
pa2pje1,pa/pie/r,
pa2pje1,pa/pie/rs,added
pa1ʁ,pa/r,
pa2ʁa2gʁa1f,pa/ra/gra/phe,dubious
pa2ʁa2gʁa1f,pa/ra/gra/phes,dubious,added
pa2ʁa2gʁa1fə0,pa/ra/gra/phe/,added
pa2ʁa2gʁa1fə0,pa/ra/gra/phe/s,added
pa2ʁɛ1tʁ,pa/raî/tre,
pa2ʁle1,pa/rle/r,
pa1ʁ,pa/rt,
pa1ʁ,pa/rts,added
pa2ʁti2ky2lje1,pa/rti/cu/lie/r,
pa2ʁti2ky2lje1ʁ,pa/rti/cu/lie/rè,added
pa2ʁti2ky2ljɛ1ʁ,pa/rti/cu/lie/rès,added
pa2ʁti2ky2ljɛ2ʁmɑ̃1,pa/rti/cu/liè/remen/t,
pa2ʁti1,pa/rti/e,questionable
pa2ʁti1,pa/rti/es,added,questionable
pa1,pa/s,
pa2se1,pa/ssé/,
pa2se1,pa/ssé/s,added
pa2se1,pa/sse/r,
pa2sjɑ̃2te1,pa/tien/te/r,
po1z,pau/se,dubious
po1zə0,pau/se/,added,corrected
po1zə0,pau/se/s,added,corrected
po1vʁ,pau/vre,added
po1vʁ,pau/vres,
pɛ2je1,pa/ye/r,questionable
pe2je1,pa/ye/r,questionable
pe2i1,pa/y/s,
po1,peau/,
pɛ̃1dʁ,pein/dre,
pɛ̃1dʁ,pein/dres,added
pɑ̃2dɑ̃1,pen/dan/t,
pɑ̃2dɑ̃1,pen/dan/ts,added
pɑ̃2se1,pen/sé/e,questionable
pɑ̃2se1,pen/sé/es,added,questionable
pɑ̃2se1,pen/se/r,
pɛ2ʁdy1,pe/rdu/,
pɛ2ʁdy1,pe/rdu/e,added,questionable
pɛ2ʁdy1,pe/rdu/s,added
pɛ2ʁdy1,pe/rdu/es,added
pɛ1ʁ,pè/re,
pɛ1ʁ,pè/res,added
pe2ʁjɔ1d,pé/rio/de,dubious
pe2ʁjɔ1də0,pé/rio/de/,added,corrected
pɛ2ʁmɛ1tʁ,pe/rme/ttre,
pɛ2ʁsɔ1n,pe/rso/nne,dubious
pɛ2ʁsɔ1nə0,pe/rso/nne/,added,corrected
pɛ2ʁsɔ1n,pe/rso/nnes,dubious
pɛ2ʁsɔ1nə0,pe/rso/nne/s,added,corrected
pə0ti1,pe/ti/t,
pə0ti1,pe/ti/ts,added
pə0ti1tə0,pe/ti/te/,added
pə0ti1tə0,pe/ti/te/s,added
pti1,peti/t,
pti1,peti/ts,added
pti1tə0,peti/te,added,dubious
pti1tə0,peti/te/s,added,dubious
pø1,peu/,
pœ2ple1,peu/ple/r,
pœ1ʁ,peu/r,
pœ1ʁ,peu/rs,added
pø1,peu/t,
pø2tɛ1tʁ,peu/t-ê/tre,
fʁa1z,phra/se,dubious
fʁa1zə0,phra/se/,added,corrected
pjɛ1s,piè/ce,dubious
pjɛ1sə0,piè/ce/,added,corrected
pje1,pie/d,
pje1,pie/ds,
pjɛ1ʁ,pie/rre,
pjɛ1ʁ,pie/rres,added
pi1st,pi/ste,dubious
pi1st,pi/stes,added,dubious
pi1stə0,pi/ste/,added,corrected
pi1stə0,pi/ste/s,added,corrected
pi2stɔ2lɛ1,pi/sto/le/t,
pi2stɔ2lɛ1,pi/sto/le/ts,added
pla1s,pla/ce,dubious
pla1s,pla/ces,dubious
pla1sə0,pla/ce/,added,corrected
pla1sə0,pla/ce/s,added,corrected
plɛ1n,plai/ne,dubious
plɛ1nə0,plai/ne/,added,corrected
plɑ̃1,plan/,
plɑ̃1,plans/,added
pla2nɛ1t,pla/nè/te,dubious
pla2nɛ1t,pla/nè/tes,added,dubious
pla2nɛ1tə0,pla/nè/te/,added,corrected
pla2nɛ1tə0,pla/nè/te/s,added,corrected
pla1,pla/t,
pla1,pla/ts,added
plɛ̃1,plein/,
plɛ̃1,plein/s,added
pli1,pli/,
pli1,pli/e,added,questionable
plɥi1,plui/e,questionable
ply2ʁjɛ1l,plu/rie/l,dubious
ply2ʁjɛ1l,plu/rie/ls,dubious
ply2ʁjɛ1lə0,plu/rie/l/,added,corrected
ply2ʁjɛ1lə0,plu/rie/l/s,added,corrected
ply2ʁjɛ1lə0,plu/rie/lle/,added
ply2ʁjɛ1lə0,plu/rie/lle/s,added
ply1,plu/s,
ply1s,plu/s,
ply2zjœ1ʁ,plu/sieu/r,added
ply2zjœ1ʁ,plu/sieu/rs,
ply2to1,plu/tô/t,
pnø1,pneu/,dubious
pə0nø1,p/neu/,added,corrected
pɔ2ɛ1m,po/è/me,dubious
pɔ2ɛ1mmə0,po/è/me/,added,corrected
pwa1,poi/ds,
pwɛ̃1,poin/t,
pwɛ̃1,poin/ts,added
pwa2sɔ̃1,poi/sson/,
pwa2sɔ̃1,poi/sson/s,added
pɔ1m,po/mme,dubious
pɔ1mmə0,po/mme/,added,corrected
pɔ1ʁ,po/rt,
pɔ1ʁ,po/rts,added
pɔ1ʁt,po/rte,dubious
pɔ1ʁtə0,po/rte/,added,corrected
pɔ2ʁte1,po/rte/r,
pɔ2ʁtɛ1ʁ,po/rte/r,
po1z,po/se,dubious
po1zə0,po/se/,added,corrected
po2ze1,po/se/r,
po2zi2sjɔ̃1,po/si/tion/,
po2zi2sjɔ̃1,po/si/tion/s,added
pɔ2si1bl,po/ssi/ble,dubious
pɔ2si1blə0,po/ssi/ble/,added,corrected
pɔ1st,po/ste,dubious
pɔ1stə0,po/ste/,added,corrected
pu1s,pou/ce,dubious
pu1sə0,pou/ce/,added,corrected
pu1ʁ,pou/r,
pu2ʁkwa1,pou/rquoi/,
pu2ʁɛ1,pou/rrai/t,
pu2se1,pou/sse/r,
pu2sɛ̃1,pou/ssin/,
pu2sɛ̃1,pou/ssin/s,added
pʁa2ti1k,pra/ti/que,dubious
pʁa2ti1kə0,pra/ti/que/,added,corrected
pʁa2ti1kə0,pra/ti/que/s,added
pʁə0mje1,pre/mie/r,added
pʁə0mje1,pre/mie/rs,added
pʁə0mjɛ1ʁ,pre/miè/re,
pʁə0mjɛ1ʁ,pre/miè/res,added
pʁɑ̃1dʁ,pren/dre,
pʁe2pa2ʁe1,pré/pa/re/r,
pʁɛ2də0,prè/s-de/,
pʁe2zɑ̃1,pré/sen/t,
pʁe2zɑ̃1,pré/sen/ts,added
pʁe2zɑ̃1tə0,pré/sen/te/,added
pʁe2zɑ̃1tə0,pré/sen/te/s,added
pʁɛ1s,pre/sse,dubious
pʁɛ1sə0,pre/sse/,added,corrected
pʁɛ1,prê/t,
pʁɛ1,prê/ts,added
pʁɛ̃2si2pa/l,prin/ci/pa/l,dubious
pʁɛ̃2si2pa/lə0,prin/ci/pa/l/,added,corrected
pʁɛ̃2tɑ̃1,prin/tem/ps,
pʁi1,pri/s,
pʁɔ2ba1bl,pro/ba/ble,dubious
pʁɔ2ba1blə0,pro/ba/ble/,added,corrected
pʁɔ2blɛ1m,pro/blè/me,dubious
pʁɔ2blɛ1mə0,pro/blè/me/,added
pʁɔ2se2sy1s,pro/ce/ssu/s,dubious
pʁɔ2se2sy1sə0,pro/ce/ssu/s/,added,corrected
pʁɔ1ʃ,pro/che,
pʁɔ2dɥi1ʁ,pro/dui/re,
pʁɔ2dɥi1,pro/dui/t,
pʁɔ2dɥi1,pro/dui/ts,added
pʁɔ2fɔ̃1,pro/fon/d,
pʁɔ2fɔ̃1də0,pro/fon/de/,added
pʁɔ2pa2ga2sjɔ̃1,pro/pa/ga/tion/,
pʁɔ2pa2ga2sjɔ̃1,pro/pa/ga/tion/s,added
pʁɔ2po2zi2sjɔ̃1,pro/po/si/tion/,
pʁɔ2po2zi2sjɔ̃1,pro/po/si/tion/s,added
pʁɔ1pʁ,pro/pre,
pʁɔ2pʁi2je2te1,pro/pri/é/té/,
pʁɔ2pʁi2je2te1,pro/pri/é/té/s,added
pʁɔ2te2ʒe1,pro/té/ger,
pʁu2ve1,prou/ve/r,
pɥi1,pui/s,
pɥi2sɑ̃1s,pui/ssan/ce,dubious
pɥi2sɑ̃1sə0,pui/ssan/ce/,added,corrected
kɑ̃1,quan/d,
ka1tʁ,qua/tre,
kə0,que/,
kɛ2stjɔ̃1,que/stion/,
kɛ2stjɔ̃1,que/stion/s,added
kø1,queu/e,questionable
ki1,qui/,
kɔ2sjɑ̃1,quo/tien/t,
kɔ2sjɑ̃1,quo/tien/ts,added
ʁa2si1n,ra/ci/ne,dubious
ʁa2si1n,ra/ci/nes,added,dubious
ʁa2si1nə0,ra/ci/ne/,added,corrected
ʁa2si1nə0,ra/ci/ne/s,added,corrected
ʁa2djo1,ra/dio/,
ʁa2djo1,ra/dio/s,added
ʁa1j,ra/il,dubious,questionable
ʁa2jə0,ra/il,added,corrected,questionable
ʁɛ2zɔ̃1,rai/son/,
ʁɛ2zɔ̃1,rai/son/s,
ʁɑ̃2ʒe1,ran/gé/e,questionable
ʁa2pi1d,ra/pi/de,dubious
ʁa2pi1də0,ra/pi/de/,added,corrected
ʁa2ple1,ra/ppele/r,
ʁ2ɛjɔ̃1,ray/on/,problemetic
ʁ2ɛjɔ̃1,ray/on/s,problemetic,added
ʁə0sə0vwa1ʁ,re/ce/voi/r,problematic
ʁə0ʃɛ1ʁʃ,re/che/rche,
ʁə0ʃɛ1ʁʃ,re/che/rches,added
ʁe2kɔ1lt,ré/co/lte,dubious
ʁe2kɔ1ltə0,ré/co/lte,added,corrected
ʁə0kɔ1ʁ,re/co/rd,
ʁə0kɔ1ʁ,re/co/rds,added
ʁə0kœ2ji1ʁ,re/cue/illi/r,questionable
ʁe2ɛ1l,ré/e/l,dubious
ʁe2ɛ1lə0,ré/e/l/,added,corrected
ʁə0ga2ʁde1,re/ga/rde/r,
ʁe2ʒjɔ̃1,ré/gion/,
ʁe2ʒjɔ̃1,ré/gion/s,added
ʁɛ1gl,rè/gle,dubious
ʁɛ1glə0,rè/gle/,added,corrected
ʁe2gle1,ré/gle/r,
ʁə0lje1,re/lie/r,
ʁɑ̃2pli1ʁ,rem/pli/r,
ʁɑ̃2kɔ̃1tʁ,ren/con/tre,
ʁɑ̃2kɔ̃1tʁ,ren/con/tres,added
ʁe2pe2ti2sjɔ̃1,ré/pé/ti/tion/,
ʁe2pe2ti2sjɔ̃1,ré/pé/ti/tion/s,added
ʁe2pɔ̃1dʁ,ré/pon/dre,
ʁe2pɔ̃1s,ré/pon/se,dubious
ʁe2pɔ̃1sə0,ré/pon/se/,added,corrected
ʁə0pʁe2zɑ̃2te1,re/pré/sen/te/r,
ʁe2zi2ste1,ré/si/sté/,
ʁe2zi2ste1,ré/si/sté/s,added
ʁe2zu1dʁ,ré/sou/dre,
ʁɛ1st,re/ste,dubious
ʁɛ1stə0,re/ste/,added,corrected
ʁɛ2ste1,re/ste/r,
ʁe2zy2lta1,ré/su/lta/t,
ʁe2zy2lta1,ré/su/lta/ts,added
ʁə0vɑ̃2di2ka2sjɔ̃1,re/ven/di/ca/tion/,
ʁə0vɑ̃2di2ka2sjɔ̃1,re/ven/di/ca/tion/s,added
ʁɛ2ve1,rê/ve/r,
ʁi1ʃ,ri/che,
ʁjɛ̃1,rien/,
ʁi1ʁ,ri/re,
ʁi2va1ʒ,ri/va/ge,
ʁi2vjɛ1ʁ,ri/viè/re,
ʁɔ1b,ro/be,dubious
ʁɔ1bə0,ro/be/,added,corrected
ʁɔ1k,ro/ck,dubious
ʁɔ1kə0,ro/ck/,added,corrected
ʁwa1,roi/,
ʁo1z,ro/se,dubious
ʁo1zə0,ro/se/,dubious
ʁu1,rou/e,
ʁu1ʒ,rou/ge,
ʁu2lo1,rou/leau/,
ʁu1t,rou/te,dubious
ʁu1tə0,rou/te/,added,corrected
ʁy1,ru/e,questionable
sa1bl,sa/ble,dubious
sa1blə0,sa/ble/,added,corrected
sɛ2zɔ̃1,sai/son/,
sɛ2zɔ̃1,sai/son/s,added
sɑ̃1,san/g,questionable
sɑ̃1,sang/,questionable,alternative
so1f,sau/f,
so2te1,sau/te/r,
so2va1ʒ,sau/va/ge,
so2ve1,sau/ve/r,
sa2vɛ1,sa/vai/t,
sa2vwa1ʁ,sa/voi/r,
si1,sci/e,questionable
sjɑ̃1s,scien/ce,dubious
sjɑ̃1sə0,scien/ce/,added,corrected
skɔ1ʁ,sco/re,
sɛ1k,se/c,dubious
sɛ1kə0,se/c/,added,corrected
sɛ2ksjɔ̃1,se/ction/,
sɛ2ksjɔ̃1,se/ction/s,added
sɛ2gmɑ̃1,se/gmen/t,
sɛ2gmɑ̃1,se/gmen/ts,added
sɛ2l,se/l,dubious
sɛ2lə0,se/l/,added,corrected
se2lɛ2ksjɔ2ne1,sé/le/ctio/nne/r,
smɛ1n,semai/ne,dubious
sə0mɛ1n,se/mai/ne,dubious
sə0mɛ1nə0,se/mai/ne/,added,corrected
sə0mɑ̃1s,se/men/ce,dubious
sə0mɑ̃1sə0,se/men/ce/,added,corrected
sɑ̃1s,sen/s,dubious
sɑ̃1sə0,sen/s/,added,corrected
sɑ̃1,sen/s,
sɑ̃2ti1ʁ,sen/ti/r,
se2pa2ʁe1,sé/pa/ré/,
sɛ1t,se/pt,
sɛ2ʁvi1ʁ,se/rvi/r,
sœ1l,seu/l,dubious
sœ1lə0,seu/l/,added,corrected
sœ2lmɑ̃1,seu/lemen/t,dubious
sœ2lə0mɑ̃1,seu/le/men/t,added,corrected
si2,si/,
sjɛ1kl,siè/cle,dubious
sjɛ1kl,siè/cles,added,dubious
sjɛ1klə0,siè/cle/,added,corrected
sjɛ1klə0,siè/cle/s,added,corrected
sjɛ1ʒ,siè/ge,
sjɛ1ʒ,siè/ges,added
si1ɲ,si/gne,dubious
si1ɲə0,si/gne/,added,corrected
si2ɲi2fjɛ1,si/gni/fiai/t,
si2ɲi2fje1,si/gni/fie/r,
si2lɑ̃2sjø1,si/len/cieu/x,
si2lɑ̃2sjø1zə0,si/len/cieu/se/,added
si2mi2lɛ1ʁ,si/mi/lai/re,
si2mi2lɛ1ʁ,si/mi/lai/res,added
sɛ̃1pl,si/mple,dubious
sɛ̃1plə0,si/mple/,added,corrected
si1s,si/x,
si1z,si/x,
si1,si/x,
sœ1ʁ,sœu/r,
sœ1ʁ,sœu/rs,added
swa1,soi/,
swɛ̃1,soin/s,
swa2ʁe1,soi/ré/e,questionable
swa2ʁe1,soi/ré/es,questionable
sɔ1l,so/l,dubious
sɔ1lə0,so/l/,added,corrected
sɔ2lda1,so/lda/t,
sɔ2lda1,so/lda/ts,added
sɔ2lɛ1j,so/le/il,dubious
sɔ2lɛ1j,so/le/ils,dubious
sɔ2lɛ1jə0,so/le/il/,questionable
sɔ2lɛ1jə0,so/le/il/s,questionable,added
sɔ2ly2sjɔ̃1,so/lu/tion/,
sɔ2ly2sjɔ̃1,so/lu/tion/s,added
sɔ̃1bʁ,som/bre,
sɔ̃1bʁ,som/bres,added
sɔ2mɛ1j,so/mme/il,dubious
sɔ2mɛ1jə0,so/mme/il/,
sɔ̃1,son/,
sɔ̃1,son/t,
su2dɛ̃1,sou/dain/,
su2dɛ̃1,sou/dain/s,added
swe2te1,souhai/te/r,
su2ʁi1ʁ,sou/ri/re,
su1,sou/s,
su2stʁɛ1ʁ,sou/strai/re,
su2vɑ̃1,sou/ven/t,
spe2sja1l,spé/cia/l,dubious
spe2sja1lə0,spé/cia/l/,added,corrected
sta2sjɔ̃1,sta/tion/,
sta2sjɔ̃1,sta/tion/s,added
sy2pstɑ̃1s,su/bstan/ce,dubious
sy2pstɑ̃1sə0,su/bstan/ce/,added,corrected
sy2ksɛ1,su/ccè/s,
sy1kʁ,su/cre,
sy1d,su/d,dubious
sy1də0,su/d/,added,corrected
sy2fi1ks,su/ffi/xe,dubious
sy2fi1ksə0,su/ffi/xe/,added,corrected
sy2gʒe2ʁe1,su/ggé/re/r,
sɥi2vɑ̃1,sui/van/t,
sɥi2vɑ̃1,sui/van/ts,added
sɥi2vɑ̃1tə0,sui/van/te/,added
sɥi2vɑ̃1tə0,sui/van/te/s,added
sɥi1vʁ,sui/vre,
sy2ʒɛ1,su/je/t,
sy2ʒɛ1,su/je/ts,added
sy2pɔ1ʁ,su/ppo/rt,
sy2pɔ2ʁte1,su/ppo/rte/r,
sy2pɔ2ʁtɛ1ʁ,su/ppo/rte/r,
sy2pɔ2ʁtɛ1ʁ,su/ppo/rte/rs,added
sy1ʁ,su/r,
sy1ʁ,sû/r,
sy2ʁfa1s,su/rfa/ce,dubious
sy2ʁfa1sə0,su/rfa/ce/,added,corrected
sy2ʁpʁi1z,su/rpri/se,dubious
sy2ʁpʁi1zə0,su/rpri/se/,added,corrected
si2la1b,sy/lla/be,dubious
si2la1bə0,sy/lla/be/,added,corrected
si2la1bə0,sy/lla/be/s,added,corrected
sɛ̃2bɔ1l,sym/bo/le,dubious
sɛ̃2bɔ1lə0,sym/bo/le/,added,corrected
sɛ̃2bɔ1lə0,sym/bo/le/s,added,corrected
si2stɛ1m,sy/stè/me,dubious
si2stɛ/mə0,sy/stè/me/,added,corrected
ta1bl,ta/ble,dubious
ta1blə0,ta/ble/,added,corrected
ta1j,ta/ille,dubious
ta1jə0,ta/ille/,
tɑ̃2di1kə0,tan/di/s-que/,
ta1ʁ,ta/rd,
tɛ1l,te/l,dubious
tɛ1lə0,te/l/,added,corrected
tɑ̃2pe2ʁa2ty1ʁ,tem/pé/ra/tu/re,
tɑ̃2pe2ʁa2ty1ʁ,tem/pé/ra/tu/res,added
tɑ̃1,tem/ps,
tə0ni1ʁ,te/ni/r,
tɛ1ʁm,te/rme,dubious
tɛ1ʁmə0,te/rme/,added,corrected
tɛ1ʁ,te/rre,
tɛ1ʁ,te/rres,added
tɛ1st,te/st,dubious
tɛ1stə0,te/st/,added,corrected
tɛ1t,tê/te,dubious
tɛ1tə0,tê/te/,added,corrected
ti2ʁe1,ti/re/r,
tɔ̃1be2,tom/be/r,
tɔ̃1,ton/,
to1,tô/t,
tɔ2ta1l,to/ta/l,dubious
tɔ2ta1lə0,to/ta/l/,added,corrected
tu2ʃe1,tou/che/r,
tu2ʒu1ʁ,tou/jou/rs,
tu1ʁ,tou/r,
tu1ʁ,tou/rs,added
tu2,tou/s,
tu2s,tou/s,dubious
tu2sə0,tou/s/,added,corrected
tu2,tou/t,
tu2t,tou/t,dubious
tu2tə0,tou/t/,added,corrected
tu2t,tou/te/,added
tu2ta2fɛ1,tou/t-à/-fai/t,
tʁɛ̃1,train/,
tʁɛ̃1,train/s,added
tʁa2va1j,tra/va/il,dubious
tʁa2va1jə0,tra/va/il/,
tʁa2vɛ2ʁse1,tra/ve/rse/r,
tʁɛ1,trè/s,
tʁi2jɑ̃1gl,tri/an/gle,dubious
tʁi2jɑ̃1glə0,tri/an/gle/,added,corrected
tʁi2jɑ̃1glə0,tri/an/gle/s,added,corrected
tʁwa1,troi/s,
tʁwa2zjɛ1m,troi/siè/me,dubious
tʁwa2zjɛ1mə0,troi/siè/me/,added,corrected
tʁɔ̃2sɔ̃1,tron/çon/,
tʁɔ̃2sɔ̃1,tron/çon/s,added
tʁo1,tro/p,
tʁu1,trou/,
tʁu2ve1,trou/vé/,
tʁu2ve1,trou/vé/e,added,questionable
tʁu2ve1,trou/vé/es,added,questionable
tʁu2ve1,trou/ve/r,
ty1b,tu/be,dubious
ty1bə0,tu/be/,added,corrected
tɥe1,tue/r,
ti1p,ty/pe,dubious
ti1pə0,ty/pe/,added,corrected
œ̃1,un/,
y1n,un/,dubious
y1nə0,u/ne/,added,corrected
y2ni1k,u/ni/que,dubious
y2ni1kə0,u/ni/que/,added,corrected
y2ni1kə0,u/ni/que/s,added,corrected
y2ni2te1,u/ni/té/,
y2ni2te1,u/ni/té/s,added
y2zi1n,u/si/ne,dubious
y2zi1nə0,u/si/ne/,added,corrected
y2ti2li2ze1,u/ti/li/se/r,
va1ʃ,va/che,
va1g,va/gue,dubious
va1gə0,va/gue/,added,corrected
va2lœ1ʁ,va/leu/r,
va2lœ1ʁ,va/leu/rs,added
va2le1,va/llé/e,questionable
va2pœ1ʁ,va/peu/r,
va2pœ1ʁ,va/peu/rs,added
va2ʁje1,va/rie/r,
vɑ̃1dʁ,ven/dre,
və0ni1ʁ,ve/ni/r,
vɑ̃1,ven/t,
vɑ̃1,ven/ts,added
vɛ1ʁb,ve/rbe,dubious
vɛ1ʁbə0,ve/rbe/,added,corrected
ve2ʁi2fje1,vé/ri/fie/r,
vɛ1ʁ,ve/rre,
vɛ1ʁ,ve/rres,added
vɛ1ʁ,ve/rs,
vɛ1ʁ,ve/rt,
vɛ1ʁtə0,ve/rte/,added
ve2ti1ʁ,vê/ti/r,
vjɑ̃1d,vian/de,dubious
vjɑ̃1də0,vian/de/,added,corrected
vi1,vi/e,questionable
vjø1,vieu/x,
vi2la1ʒ,vi/lla/ge,
vi1l,vi/lle,dubious
vi1lə0,vi/lle/,added,corrected
vɛ̃1,vin/gt,questionable
vɛ̃1,ving/t,questionable,alternative
vi2zi1t,vi/si/te,dubious
vi2zi1tə0,vi/si/te/,addd,corrected
vi2tɛ1s,vi/te/sse,dubious
vi2tɛ1sə0,vi/te/sse/,added,corrected
vi1vʁ,vi/vre,
vi2vʁe1,vi/vré/,added
vwa1l,voi/le,
vwa1l,voi/les,added
vwa1ʁ,voi/r,
vwa1zɛ̃2,voi/sin/,
vwa1zɛ̃2,voi/sin/s,added
vwa2ty1ʁ,voi/tu/re,
vwa2ty1ʁ,voi/tu/res,added
vwa1,voi/x,
vɔ1le2,vo/le/r,
vɔ2lɔ̃2te1,vo/lon/té/,
vɔ1tʁ,vo/tre,
vɔ1tʁ,vo/tres,added
vu2dʁɛ1,vou/drai/s,
vu2lwa1ʁ,vou/loi/r,
vu1,vou/s,
vwa2ja1ʒ,voy/a/ge,questionable
vwa2jɛ1l,voy/e/lle,questinable,dubious
vwa2jɛ1lə0,voy/e/lle/,added,questionalbe
vʁɛ1,vrai/,
vʁɛ1,vrai/s,added
vy1,vu/e,questinable
zo1n,zo/ne,dubious
zo1nə0,zo/ne/,added,corrected